DatasetYear,AnalysisPreconditions,CalcYear,ConnectionPointCode,ConnectionPointName,ConnectionPointLongitude,ConnectionPointLatitude,ProductionSurplus_MWh,ProductionRatioSolar,ProductionRatioThermal,ProductionRatioWind
2021-01-01,ProduktionsReference,2025-01-01,YDN,Ydernæs,11.740208,55.209113,-36647.35501,5.7,0.7282,93.6
2021-01-01,ProduktionsReference,2025-01-01,VSTØ,Vestgård,12.455653,55.656382,-102404.2969,100,0,0
2021-01-01,ProduktionsReference,2025-01-01,VORØ,Vordingborg,11.889803,55.001408,-53232.33463,100,0,0
2021-01-01,ProduktionsReference,2025-01-01,VLO,132 KV STATION VESTLOLLAND,11.180006,54.836249,168368.5979,79.1,0,20.9
2021-01-01,ProduktionsReference,2025-01-01,VKE,Vestkraft,10.090948,57.061675,0,,,
2021-01-01,ProduktionsReference,2025-01-01,VIL,150 KV STATION VILSTED,9.298358,56.917647,93107.89155,19.6,10.6659,69.8
2021-01-01,ProduktionsReference,2025-01-01,VIK,132 KV STATION VIGERSLEV KBST.,12.494421,55.659155,-410575.7472,69.1,18.022,12.8
2021-01-01,ProduktionsReference,2025-01-01,VID,150 KV STATION VIDEBÆK,8.599372,56.099666,8747.870283,10.6,26.4293,63
2021-01-01,ProduktionsReference,2025-01-01,VIBØ,Vibegård,12.422094,55.659079,-30982.56704,100,0,0
2021-01-01,ProduktionsReference,2025-01-01,VHA,150 KV STATION VESTER HASSING,10.086822,57.064376,55457.89956,2.9,17.4631,79.6
2021-01-01,ProduktionsReference,2025-01-01,VEMØ,Vemmelev,11.253451,55.35685,-4876.046147,5.1,0,94.9
2021-01-01,ProduktionsReference,2025-01-01,VEJ,132 KV STATION VEJLEÅ,12.319353,55.660775,-192318.3057,39.1,50.0589,10.9
2021-01-01,ProduktionsReference,2025-01-01,VBYØ,Vejbygård,12.149259,56.06724,-64540.25923,1.3,82.0005,16.7
2021-01-01,ProduktionsReference,2025-01-01,VAL,132 KV STATION VALSEVÆRKET,12.019245,55.960101,-150828.2637,52.6,0,47.4
2021-01-01,ProduktionsReference,2025-01-01,ULLØ,Ullerødgård,12.49657,55.916779,-59732.58845,30.4,69.5519,0
2021-01-01,ProduktionsReference,2025-01-01,TVM,TvejeMerløse,11.690805,55.690287,-97045.01595,100,0,0
2021-01-01,ProduktionsReference,2025-01-01,TUP,Tårupnord,9.662754,55.556558,-316361.5736,,,
2021-01-01,ProduktionsReference,2025-01-01,TSTØ,Tåstrupgård,12.282353,55.639034,-106818.9189,71.9,28.1265,0
2021-01-01,ProduktionsReference,2025-01-01,TRO,Trollesgård,12.272473,55.920011,-132745.4777,1.6,98.3777,0
2021-01-01,ProduktionsReference,2025-01-01,TRN,Tårnborg,11.141239,55.349059,-41542.65851,100,0,0
2021-01-01,ProduktionsReference,2025-01-01,TRI,150 KV STATION TRIGE,10.139958,56.274495,2082344.328,12.8,0,87.2
2021-01-01,ProduktionsReference,2025-01-01,TOR,132 KV STATION TORSLUNDE,11.491758,55.71757,32500.23518,88.1,0,11.9
2021-01-01,ProduktionsReference,2025-01-01,TOK,Toksværd,11.874469,55.247213,-7978.184123,7.1,0,92.9
2021-01-01,ProduktionsReference,2025-01-01,THY,Thyregod,9.249261,55.909829,-85377.18326,4.3,4.8147,90.9
2021-01-01,ProduktionsReference,2025-01-01,THØ,150 KV STATION TINGHØJ,9.893529,56.70256,111465.2085,10.9,2.3189,86.8
2021-01-01,ProduktionsReference,2025-01-01,TERØ,Tersløse,11.477135,55.513785,24363.14967,1.6,10.3082,88.1
2021-01-01,ProduktionsReference,2025-01-01,TEG,132 KV STATION TEGLSTRUPGÅRD,12.563655,56.028679,-65354.38895,99.1,0.8893,0
2021-01-01,ProduktionsReference,2025-01-01,TBY,Tårnby,12.248071,55.385314,-41591.74811,21.8,16.7852,61.4
2021-01-01,ProduktionsReference,2025-01-01,TARØ,Tågerup,12.20091,55.277576,-13866.66292,9.2,0,90.8
2021-01-01,ProduktionsReference,2025-01-01,TAN,150 KV STATION TANGE,9.595596,56.359021,-222308.8937,18,25.4622,56.5
2021-01-01,ProduktionsReference,2025-01-01,SYV,Syvhøjgård,12.374946,55.643228,-93508.33778,100,0,0
2021-01-01,ProduktionsReference,2025-01-01,SVS,150 KV STATION SKÆRBÆKVÆRKET,9.614596,55.512952,273933.9754,0,100,0
2021-01-01,ProduktionsReference,2025-01-01,SVGV,Søndervig,8.153381,56.123462,785349.8248,0.4,0,99.6
2021-01-01,ProduktionsReference,2025-01-01,SVGØ,Svinninge,11.463728,55.72432,-43724.3202,46.6,0,53.4
2021-01-01,ProduktionsReference,2025-01-01,SVBØ,Svebølle,11.31028,55.63676,-32728.19965,82.5,17.4581,0
2021-01-01,ProduktionsReference,2025-01-01,SVB,150 KV STATION SVENDBORG,10.575477,55.070253,131243.4647,64,1.1709,34.9
2021-01-01,ProduktionsReference,2025-01-01,STVØ,Stigsnæs værket,11.254884,55.208523,-5274.802122,61.3,0,38.7
2021-01-01,ProduktionsReference,2025-01-01,STSV,Stovstrup,8.581131,55.904881,325089.3834,5.5,6.1484,88.3
2021-01-01,ProduktionsReference,2025-01-01,STSØ,132 KV STATION STATOIL SYD,11.092008,55.648983,30297.85036,59,0,41
2021-01-01,ProduktionsReference,2025-01-01,STR,150 KV STATION STRUER,8.58157,56.483223,-94126.1099,5.6,41.6279,52.8
2021-01-01,ProduktionsReference,2025-01-01,STOØ,Statoil,11.102889,55.660385,-62428.70541,100,0,0
2021-01-01,ProduktionsReference,2025-01-01,STM,Stokkemarke,11.360537,54.829315,14518.60052,1.3,0,98.7
2021-01-01,ProduktionsReference,2025-01-01,STH,Heddinge,12.385125,55.302282,-30367.02863,8.1,0,91.9
2021-01-01,ProduktionsReference,2025-01-01,STEØ,Stevns,12.323301,55.30453,-3449.894987,4.2,78.266,17.5
2021-01-01,ProduktionsReference,2025-01-01,STB,Stubbekøbing,12.025477,54.871958,-28562.04819,43.2,0,56.8
2021-01-01,ProduktionsReference,2025-01-01,STAØ,Stasevang,12.471816,55.888822,-141429.8712,75.8,24.1667,0
2021-01-01,ProduktionsReference,2025-01-01,SPR,132 KV STATION SPERRESTRUPGÅRD,12.190322,55.790966,-76371.19891,100,0,0
2021-01-01,ProduktionsReference,2025-01-01,SPAØ,Spanager,12.00452,55.450259,-24125.89894,8.6,85.4944,5.9
2021-01-01,ProduktionsReference,2025-01-01,SØN,150 KV STATION SØNDERBORG,9.781579,54.923672,-217539.1296,22.4,42.4884,35.2
2021-01-01,ProduktionsReference,2025-01-01,SNR,Snævre,11.628658,55.648904,-9922.457787,5.3,0,94.7
2021-01-01,ProduktionsReference,2025-01-01,SML,Store Merløse,11.70155,55.54965,-18651.30762,67.3,0,32.7
2021-01-01,ProduktionsReference,2025-01-01,SMK,132 KV SVANEMØLLE KBST,12.580626,55.710065,-638324.7501,100,0,0
2021-01-01,ProduktionsReference,2025-01-01,SLS,SlagelseSkælskørvej,11.340263,55.38624,-89087.00158,31.4,0,68.6
2021-01-01,ProduktionsReference,2025-01-01,SLØ,Slagelse øst,11.382628,55.413665,-6354.732913,76.3,0,23.7
2021-01-01,ProduktionsReference,2025-01-01,SLA,Slagelse,11.341194,55.41473,-18528.3568,4.5,88.308,7.2
2021-01-01,ProduktionsReference,2025-01-01,SKK,Skælskør,11.319908,55.25503,-29584.78292,6,5.9911,88
2021-01-01,ProduktionsReference,2025-01-01,SKEØ,Skellingsted,11.45938,55.581375,-16938.46324,14,0,86
2021-01-01,ProduktionsReference,2025-01-01,SKA,150 KV STATION SKANSEN,9.928998,57.06724,-85033.96031,100,0,0
2021-01-01,ProduktionsReference,2025-01-01,SIN,Sindbjerg,8.691105,56.745496,61741.07482,17.4,0,82.6
2021-01-01,ProduktionsReference,2025-01-01,SIB,132 KV STATION SKIBBYGÅRD,11.931619,55.737882,-70071.35231,35.9,0,64.1
2021-01-01,ProduktionsReference,2025-01-01,SHE,220 KV STATION ENSTEDVÆRKET,9.43221,55.019248,-291960.6652,17.8,15.456,66.8
2021-01-01,ProduktionsReference,2025-01-01,SFE,150 KV STATION SDR FELDING,8.797765,55.952752,-21363.82712,15.7,0,84.3
2021-01-01,ProduktionsReference,2025-01-01,SCA,Scanglas,11.160784,55.323833,-16363.79265,1.4,98.6498,0
2021-01-01,ProduktionsReference,2025-01-01,SBY,Sæbyø,11.291597,55.545151,-26214.72872,7.8,0,92.2
2021-01-01,ProduktionsReference,2025-01-01,SBA,150 KV STATION STARBAKKE,10.459528,57.458087,-293816.6182,11,33.3994,55.6
2021-01-01,ProduktionsReference,2025-01-01,SAX,Sakskøbing,11.642309,54.790343,40298.24061,1.4,78.3302,20.3
2021-01-01,ProduktionsReference,2025-01-01,RYT,150 KV STATION RYTTERGÅRD,9.712238,55.589658,-445132.082,6.3,90.1511,3.6
2021-01-01,ProduktionsReference,2025-01-01,RYEØ,Rye,11.2384,55.52606,-18178.63646,5.5,0,94.5
2021-01-01,ProduktionsReference,2025-01-01,RSN,Røsnæs,11.016188,55.721136,-32791.23609,67,0,33
2021-01-01,ProduktionsReference,2025-01-01,RSL,Roslev,8.961978,56.709485,235199.5083,19,0.9326,80
2021-01-01,ProduktionsReference,2025-01-01,RØDØ,Rødovregård,12.45487,55.6856,-65436.72794,100,0,0
2021-01-01,ProduktionsReference,2025-01-01,RIS,Ris,11.431085,55.813327,-45863.49549,28.5,0,71.5
2021-01-01,ProduktionsReference,2025-01-01,RINØ,Ringsted,11.749541,55.437426,341313.2124,97.4,0,2.6
2021-01-01,ProduktionsReference,2025-01-01,RIB,150 KV STATION RIBE,8.801381,55.326131,-128150.6261,6.7,22.1762,71.1
2021-01-01,ProduktionsReference,2025-01-01,REM,Remkolde,11.858859,55.051288,385.964127,100,0,0
2021-01-01,ProduktionsReference,2025-01-01,RBYØ,Rødby,11.390534,54.707375,688041.6244,85.4,0,14.6
2021-01-01,ProduktionsReference,2025-01-01,RBH,Rødbyhavn,11.363921,54.66098,-80617.59392,1,0,99
2021-01-01,ProduktionsReference,2025-01-01,RAM,150 KV STATION RAMME,8.218043,56.491738,510774.8713,1.1,4.3314,94.6
2021-01-01,ProduktionsReference,2025-01-01,RAH,Rabenshuse,11.151566,55.642892,-34436.13047,7,0,93
2021-01-01,ProduktionsReference,2025-01-01,RADØ,Radsted,11.688436,54.788187,1760036.505,22.8,0,77.2
2021-01-01,ProduktionsReference,2025-01-01,PRS,Præstø,12.025591,55.117938,-16417.09427,6.6,70.7802,22.6
2021-01-01,ProduktionsReference,2025-01-01,PED,Pedersborg,11.546265,55.455459,-30676.59994,6.1,93.9479,0
2021-01-01,ProduktionsReference,2025-01-01,OVE,OdenseVest,10.2918,55.36888,-395447.3028,100,0,0
2021-01-01,ProduktionsReference,2025-01-01,ØTB,øtb,12,55,-7362.784011,40.6,0,59.4
2021-01-01,ProduktionsReference,2025-01-01,OST,132 KV STATION OSTEDGÅRD,11.987837,55.576426,-72387.08622,100,0,0
2021-01-01,ProduktionsReference,2025-01-01,OSØ,150 KV STATION ODENSE SYDØST,10.447992,55.394346,-362122.3395,100,0,0
2021-01-01,ProduktionsReference,2025-01-01,ØSH,132 KV STATION ØSTERHOLM,11.742199,55.204789,7577.349805,0,53.6919,46.3
2021-01-01,ProduktionsReference,2025-01-01,ORT,Ortved,11.847285,55.487936,-39426.51653,78.1,0,21.9
2021-01-01,ProduktionsReference,2025-01-01,ØRN,Ørnegård,12.521159,55.756802,-73976.56007,1.7,98.3394,0
2021-01-01,ProduktionsReference,2025-01-01,ORH,132 KV STATION OREHOVED,11.84426,54.953432,-18978.95786,100,0,0
2021-01-01,ProduktionsReference,2025-01-01,ØMA,Ølsemagle,12.170069,55.497769,-97406.23447,9.6,90.4099,0
2021-01-01,ProduktionsReference,2025-01-01,ØLS,132 KV STATION ØLSTYKKEGÅRD,12.14098,55.764677,-133402.4241,90.3,8.5579,1.2
2021-01-01,ProduktionsReference,2025-01-01,ODS,Odsherred,11.602473,55.878889,-82560.41813,29.6,42.1181,28.2
2021-01-01,ProduktionsReference,2025-01-01,NYS,NykøbingS,11.659688,55.918382,-57575.34608,9.8,87.4861,2.8
2021-01-01,ProduktionsReference,2025-01-01,NYR,132 KV STATION NYRUP,11.641898,55.544762,-34182.556,10.4,0,89.6
2021-01-01,ProduktionsReference,2025-01-01,NYMØ,Nymøllegård,12.173529,55.645133,-70802.83622,55.1,12.4484,32.4
2021-01-01,ProduktionsReference,2025-01-01,NVV,150 KV STATION VENDSYSSELVÆRKET,10.044791,57.074715,2037352.276,0,98.5564,1.4
2021-01-01,ProduktionsReference,2025-01-01,NVO,Novo,11.117061,55.674791,-119066.0893,100,0,0
2021-01-01,ProduktionsReference,2025-01-01,NVN,NovoNord,11.125919,55.674764,-123557.82,1.9,98.1077,0
2021-01-01,ProduktionsReference,2025-01-01,NSV,132 KV STATION NÆSTVED,11.712156,55.248138,28424.78745,2,56.5217,41.5
2021-01-01,ProduktionsReference,2025-01-01,NST,Nordstrand,12.186384,55.470888,14693.33786,0.6,99.4444,0
2021-01-01,ProduktionsReference,2025-01-01,NSP,150 KV STATION NIBSTRUP,9.980218,57.267745,-66141.43156,4.6,34.378,61
2021-01-01,ProduktionsReference,2025-01-01,NORØ,Nordgård,12.296784,56.059959,-51120.55436,100,0,0
2021-01-01,ProduktionsReference,2025-01-01,NOR,150 KV STATION NORS,8.701633,57.0307,109678.8472,24.6,16.1374,59.3
2021-01-01,ProduktionsReference,2025-01-01,NOD,NøjsomhedsOdde,11.086818,54.929678,76536.93222,0,0,100
2021-01-01,ProduktionsReference,2025-01-01,NKV,NæstvedKraftvarmeværk,11.71263,55.248769,21701.00044,0,100,0
2021-01-01,ProduktionsReference,2025-01-01,NAM,132 KV STATION NR. ASMINDRUP,11.60274,55.870994,5545.697281,0.6,22.2316,77.2
2021-01-01,ProduktionsReference,2025-01-01,NAL,Nr.Alslev,11.894258,54.904705,-21159.44598,9.1,0,90.9
2021-01-01,ProduktionsReference,2025-01-01,NAK,Nakskov,11.126515,54.840182,-15026.94375,2.8,0,97.2
2021-01-01,ProduktionsReference,2025-01-01,MRN,Mern,12.074432,55.01883,-21544.09444,63.9,0,36.1
2021-01-01,ProduktionsReference,2025-01-01,MOSV,Mosbæk,9.616853,56.803428,-101168.3838,4.8,28.1321,67.1
2021-01-01,ProduktionsReference,2025-01-01,MOSØ,132 KV STATION MOSEDEGÅRD,12.259189,55.583862,-139583.0693,100,0,0
2021-01-01,ProduktionsReference,2025-01-01,MØN,Møn,12.251112,54.959369,-20029.05233,27.5,1.0176,71.5
2021-01-01,ProduktionsReference,2025-01-01,MML,Maglemølle,11.751491,55.224739,-60700.67723,100,0,0
2021-01-01,ProduktionsReference,2025-01-01,MLU,150 KV STATION MOSELUND,10.094372,56.429928,-97775.32921,10.4,64.3206,25.3
2021-01-01,ProduktionsReference,2025-01-01,MLP,150 KV STATION MOLLERUP,10.189114,56.211192,-186194.596,7.2,74.7112,18.1
2021-01-01,ProduktionsReference,2025-01-01,MKS,400 KV STATION STUDSTRUP,10.341476,56.251136,1566801.511,0,100,0
2021-01-01,ProduktionsReference,2025-01-01,MES,150 KV STATION MESBALLE,10.499262,56.365961,-47047.15752,59.8,0.3359,39.9
2021-01-01,ProduktionsReference,2025-01-01,MDR,Mørdrupgård,12.527516,55.993441,-77811.25688,57.8,42.1593,0
2021-01-01,ProduktionsReference,2025-01-01,MBYØ,Munkeby,11.105833,54.764159,59109.58331,1,0,99
2021-01-01,ProduktionsReference,2025-01-01,MAV,132 KV STATION MASNEDØVÆRKET,11.882397,54.995197,-13853.60076,0.7,99.2624,0
2021-01-01,ProduktionsReference,2025-01-01,MARØ,Maribo,11.489259,54.781843,43189.7873,56.5,0,43.5
2021-01-01,ProduktionsReference,2025-01-01,MÅLØ,132 KV STATION MÅLØVGÅRD,12.326086,55.744173,-199110.3909,2.5,97.4844,0
2021-01-01,ProduktionsReference,2025-01-01,MAL,150 KV STATION  MALLING,10.140377,56.048323,-222578.3124,26.3,5.2723,68.4
2021-01-01,ProduktionsReference,2025-01-01,MAGV,Magstrup,9.368362,55.281764,-250105.8526,7.6,33.159,59.2
2021-01-01,ProduktionsReference,2025-01-01,MAGØ,Maglegård,12.56862,55.74288,-145354.5512,100,0,0
2021-01-01,ProduktionsReference,2025-01-01,MÅD,Måde,8.509329,55.462855,105289.9769,0,100,0
2021-01-01,ProduktionsReference,2025-01-01,LYNØ,Lyngbygård,12.51374,55.77084,-170893.4374,1.9,98.1225,0
2021-01-01,ProduktionsReference,2025-01-01,LYK,150 KV STATION LYKKEGÅRD OG VKE,8.504054,55.466811,-448657.3523,4.7,1.4996,93.8
2021-01-01,ProduktionsReference,2025-01-01,LYG,Lynge,11.52606,55.361009,-2702.075465,5.2,0,94.8
2021-01-01,ProduktionsReference,2025-01-01,LUP,132 KV STATION LYNGERUP,11.983916,55.799766,-51048.6904,13.1,0,86.9
2021-01-01,ProduktionsReference,2025-01-01,LOL,Loldrup,9.434011,56.485776,-17487.13872,5.2,80.096,14.7
2021-01-01,ProduktionsReference,2025-01-01,LKR,Lemkær,8.332421,56.064804,411280.0333,3.8,5.9998,90.2
2021-01-01,ProduktionsReference,2025-01-01,LINØ,Lindevang,12.502751,55.688234,-162016.7409,100,0,0
2021-01-01,ProduktionsReference,2025-01-01,LILØ,Lillevang,11.947338,55.045048,63834.81126,87.2,10.0798,2.8
2021-01-01,ProduktionsReference,2025-01-01,LAG,150 KV STATION LANDERUPGAARD,9.545884,55.563049,400980.7272,100,0,0
2021-01-01,ProduktionsReference,2025-01-01,KYV,132 KV STATION KYNDBYVÆRKET,11.880343,55.81247,0,,,
2021-01-01,ProduktionsReference,2025-01-01,KVA,Kvarmløse,11.790182,55.614462,-28501.93735,9.3,0,90.7
2021-01-01,ProduktionsReference,2025-01-01,KSV,132 KV STATION KIRKESKOVGÅRD,11.879289,55.623101,-78389.96303,23.9,0.835,75.3
2021-01-01,ProduktionsReference,2025-01-01,KRL,Karlstrup,12.20485,55.54376,-32333.71933,7.2,58.9065,33.9
2021-01-01,ProduktionsReference,2025-01-01,KRIØ,Karise,12.222683,55.320532,21312.85631,81.6,0,18.4
2021-01-01,ProduktionsReference,2025-01-01,KRB,Kringelborg,11.896153,54.75518,-58801.18431,36,0,64
2021-01-01,ProduktionsReference,2025-01-01,KORØ,Korsør,11.197818,55.325099,-29358.36152,28.3,0,71.7
2021-01-01,ProduktionsReference,2025-01-01,KØB,Købelev,11.123158,54.899851,78852.76519,6.9,0,93.1
2021-01-01,ProduktionsReference,2025-01-01,KNUØ,Sct.KnudsVej,12.549418,55.678318,-140711.5122,100,0,0
2021-01-01,ProduktionsReference,2025-01-01,KNA,150 KV STATION KNABBERUP,9.49002,55.713046,-278617.2199,60.9,15.7655,23.4
2021-01-01,ProduktionsReference,2025-01-01,KLF,Klimfjordholme,9.144175,57.05762,411077.4903,1.8,0,98.2
2021-01-01,ProduktionsReference,2025-01-01,KIM,Kimmerslev,11.990696,55.472236,-24948.33119,10.2,62.0546,27.8
2021-01-01,ProduktionsReference,2025-01-01,KIL,Kildegård,12.535276,55.742588,-76540.01226,100,0,0
2021-01-01,ProduktionsReference,2025-01-01,KGS,SønderKøge,12.170097,55.436738,-32027.2166,23.8,76.212,0
2021-01-01,ProduktionsReference,2025-01-01,KGE,Køge,12.163968,55.466288,-105389.0515,24.5,75.4518,0
2021-01-01,ProduktionsReference,2025-01-01,KEB,Keldby,12.355205,54.983458,-28911.28369,10,0,90
2021-01-01,ProduktionsReference,2025-01-01,KDR,Kæderup,12.116627,55.327295,22813.82169,15.8,0,84.2
2021-01-01,ProduktionsReference,2025-01-01,KBYØ,Karleby,11.625884,54.712801,-2114.621809,36,22.8988,41.1
2021-01-01,ProduktionsReference,2025-01-01,KBG,132 KV STATION KALUNDBORG (KBA/KBB),11.109847,55.675343,-106635.1649,100,0,0
2021-01-01,ProduktionsReference,2025-01-01,KBBV,Kærbybro,10.070018,56.621846,383235.1575,1.3,6.1332,92.6
2021-01-01,ProduktionsReference,2025-01-01,KAS,220 KV STATION KASSØ,9.270619,55.036563,338653.1319,100,0,0
2021-01-01,ProduktionsReference,2025-01-01,KAR,Karrebæk,11.651509,55.191168,-7329.209708,6.4,4.2024,89.4
2021-01-01,ProduktionsReference,2025-01-01,KAM,132 KV STATION KAMSTRUP,12.073199,55.60854,-134143.3435,53.7,0,46.3
2021-01-01,ProduktionsReference,2025-01-01,KAK,132 KV STATION KASTRUP,12.657965,55.631542,-117270.6539,69.2,30.7558,0
2021-01-01,ProduktionsReference,2025-01-01,KAE,150 KV STATION KARLSGÅRDE,8.575201,55.647756,609855.1882,8.3,5.057,86.6
2021-01-01,ProduktionsReference,2025-01-01,JYD,Jyderup,11.43957,55.658757,-3344.829618,4.3,43.4349,52.3
2021-01-01,ProduktionsReference,2025-01-01,JUN,Junckers,12.188959,55.464069,-46684.12245,100,0,0
2021-01-01,ProduktionsReference,2025-01-01,JERØ,Jersie,12.186327,55.524102,-111480.6807,29.4,0,70.6
2021-01-01,ProduktionsReference,2025-01-01,ISL,Islevgård,12.424991,55.704852,-66324.92073,0.2,99.812,0
2021-01-01,ProduktionsReference,2025-01-01,ISH,400 KV STATION ISHØJ,12.320145,55.63253,1722841.918,0,0,100
2021-01-01,ProduktionsReference,2025-01-01,IDU,150 KV STATION IDOMLUND,8.553245,56.351462,2711176.991,10.5,4.6657,84.8
2021-01-01,ProduktionsReference,2025-01-01,IDE,132 KV STATION IDESTRUP,11.941237,54.748454,16820.77467,69.3,0,30.7
2021-01-01,ProduktionsReference,2025-01-01,HVV,150 KV STATION HÅNDVÆRKERVEJ,9.925404,57.03616,-136303.6699,33.9,66.1473,0
2021-01-01,ProduktionsReference,2025-01-01,HVR,Havrebjerg,11.307402,55.446557,-21325.59943,7.5,0,92.5
2021-01-01,ProduktionsReference,2025-01-01,HVO,150 KV STATION HVORUPGAARD,9.931784,57.116228,40946.80876,8.9,0,91.1
2021-01-01,ProduktionsReference,2025-01-01,HVIØ,Hvidovregård,12.467729,55.637273,-118984.0818,100,0,0
2021-01-01,ProduktionsReference,2025-01-01,HVE,132 KV STATION HOVEGÅRD,12.234356,55.73262,0,,,
2021-01-01,ProduktionsReference,2025-01-01,HUNØ,Hundestedgård,11.88851,55.966834,-71678.74612,4.4,0,95.6
2021-01-01,ProduktionsReference,2025-01-01,HSTØ,Herstedgård,12.37173,55.670067,-89774.46069,100,0,0
2021-01-01,ProduktionsReference,2025-01-01,HSKV,Høskov,10.146799,56.130267,-479219.2781,64.6,35.4131,0
2021-01-01,ProduktionsReference,2025-01-01,HSKØ,Hareskovgård,12.399118,55.747582,-118641.3726,3,96.9678,0
2021-01-01,ProduktionsReference,2025-01-01,HOSØ,Holsted,11.771431,55.246945,-56605.10402,17.7,0,82.3
2021-01-01,ProduktionsReference,2025-01-01,HØN,150 KV STATION HØRNING,10.031307,56.075115,-320103.0763,19.9,35.765,44.4
2021-01-01,ProduktionsReference,2025-01-01,HOLØ,Holmegård,12.483342,55.795953,-116312.4105,0.9,99.0518,0
2021-01-01,ProduktionsReference,2025-01-01,HØK,Helsingør Kraftvarmeværk,12.59052,56.02539,129040.0307,0,100,0
2021-01-01,ProduktionsReference,2025-01-01,HOD,150 KV STATION HOLSTED,8.915796,55.520214,215537.1284,68.6,8.2834,23.1
2021-01-01,ProduktionsReference,2025-01-01,HNB,150 KV STATION HORNBÆK,9.98074,56.469108,14189.52822,28.3,8.1634,63.5
2021-01-01,ProduktionsReference,2025-01-01,HMA,132 KV STATION HERLUFMAGLE,11.742122,55.333834,-41303.21295,100,0,0
2021-01-01,ProduktionsReference,2025-01-01,HLY,Holeby,11.481324,54.70757,-15010.00289,4.5,0,95.5
2021-01-01,ProduktionsReference,2025-01-01,HLS,Helsingør,12.585434,56.040452,-113017.5917,88.6,11.4059,0
2021-01-01,ProduktionsReference,2025-01-01,HLBØ,Holbæk,11.715284,55.7064,-70457.23564,100,0,0
2021-01-01,ProduktionsReference,2025-01-01,HKV,Hillrødkraftvarmeværk,12.311185,55.907703,0,,,
2021-01-01,ProduktionsReference,2025-01-01,HIL,Hillerødgård,12.297968,55.923981,-115880.4138,57.1,0,42.9
2021-01-01,ProduktionsReference,2025-01-01,HIG,Helsingegård,12.171416,56.018753,-59586.43398,14.4,85.5592,0
2021-01-01,ProduktionsReference,2025-01-01,HHO,Hagesholm,11.585612,55.760464,54141.0478,0,0,100
2021-01-01,ProduktionsReference,2025-01-01,HESV,Herning Syd Vest,8.936027,56.140928,205836.7735,100,0,0
2021-01-01,ProduktionsReference,2025-01-01,HERV,Herning,8.935039,56.140458,-171642.982,0.2,48.5794,51.2
2021-01-01,ProduktionsReference,2025-01-01,HERØ,Herfølge,12.131596,55.416542,-41963.64383,100,0,0
2021-01-01,ProduktionsReference,2025-01-01,HEMØ,Hemmestrup,12.016631,55.2048,-26180.06433,100,0,0
2021-01-01,ProduktionsReference,2025-01-01,HEJØ,Hejninge,11.29578,55.400812,-5861.62285,0,9.2337,90.8
2021-01-01,ProduktionsReference,2025-01-01,HDE,Hedegård,12.127288,55.642754,-22062.49923,1.6,96.1652,2.3
2021-01-01,ProduktionsReference,2025-01-01,HCV,400 KV STATION H.C. ØRSTED VÆRKET,12.554171,55.656563,-633155.1914,10.5,89.4607,0
2021-01-01,ProduktionsReference,2025-01-01,HBYØ,Hornebygård,12.444864,56.076377,-64721.3125,13.1,86.9493,0
2021-01-01,ProduktionsReference,2025-01-01,HBØ,hbø,12,55,-45061.99691,22.5,6.2523,71.2
2021-01-01,ProduktionsReference,2025-01-01,HATV,Hatting,9.748469,55.862158,-681483.484,12.5,57.4079,30.1
2021-01-01,ProduktionsReference,2025-01-01,HASV,Hasle,10.14807,56.165251,-574815.74,24.1,45.3982,30.5
2021-01-01,ProduktionsReference,2025-01-01,HAS,Haslev,11.964658,55.332655,227305.8637,91.7,0,8.3
2021-01-01,ProduktionsReference,2025-01-01,HAMØ,Hammer,11.86698,55.139702,-15447.35022,10,0,90
2021-01-01,ProduktionsReference,2025-01-01,GUR,Gurede,11.649864,55.756761,-37474.20583,42.8,17.6133,39.6
2021-01-01,ProduktionsReference,2025-01-01,GRP,150 KV STATION GRADERUP,10.003151,55.472693,-483258.3619,17,27.8155,55.1
2021-01-01,ProduktionsReference,2025-01-01,GRN,132 KV STATION GRØNNEGÅRD,12.463801,55.735035,-190840.3943,100,0,0
2021-01-01,ProduktionsReference,2025-01-01,GREØ,Grevinge,11.539302,55.800826,-26442.17834,4,0,96
2021-01-01,ProduktionsReference,2025-01-01,GLO,Glostrupgård,12.421264,55.66872,-124489.9451,100,0,0
2021-01-01,ProduktionsReference,2025-01-01,GLN,132 KV STATION GLENTEGÅRD,12.499019,55.753014,-149179.9795,93.7,6.3155,0
2021-01-01,ProduktionsReference,2025-01-01,GLL,Gloslunde,11.232886,54.756023,98964.5248,0.5,0,99.5
2021-01-01,ProduktionsReference,2025-01-01,GIL,Gillelejegård,12.295283,56.112475,-87227.50109,100,0,0
2021-01-01,ProduktionsReference,2025-01-01,GHO,Gl.Holtegård,12.517256,55.83598,-93566.69635,3,97.0387,0
2021-01-01,ProduktionsReference,2025-01-01,FXE,Faxe,12.130373,55.237462,-57567.89475,29.5,33.9141,36.6
2021-01-01,ProduktionsReference,2025-01-01,FVO,150 KV STATION FYNSVÆRKET,10.405062,55.4264,120282.2311,1.7,87.4344,10.9
2021-01-01,ProduktionsReference,2025-01-01,FUG,Fuglebjerg,11.573088,55.310302,-4155.976129,4.8,16.1807,79.1
2021-01-01,ProduktionsReference,2025-01-01,FRT,FrøStrup,8.930108,57.069147,39222.74437,0.4,0,99.6
2021-01-01,ProduktionsReference,2025-01-01,FRSØ,Frederikssund,12.07539,55.842653,-193368.4196,0.6,99.3948,0
2021-01-01,ProduktionsReference,2025-01-01,FRD,150 KV STATION FREDENSDAL,9.50272,57.114232,-25474.90794,8.2,21.8764,70
2021-01-01,ProduktionsReference,2025-01-01,FOU,Foulum,9.565307,56.479682,-265213.288,,,
2021-01-01,ProduktionsReference,2025-01-01,FNM,132 KV STATION FENSMARK,11.820233,55.274069,-56546.43561,100,0,0
2021-01-01,ProduktionsReference,2025-01-01,FLAØ,Flaskegård,12.303998,55.612052,-183783.7259,100,0,0
2021-01-01,ProduktionsReference,2025-01-01,FHO,FrederiksbergHospital,12.522049,55.685414,-73752.6595,100,0,0
2021-01-01,ProduktionsReference,2025-01-01,FGV,Fraugdevest,10.4841,55.364018,-312572.8156,,,
2021-01-01,ProduktionsReference,2025-01-01,FGD,150 KV STATION FRAUGDE,10.503594,55.366458,495668.2565,64.7,17.7578,17.5
2021-01-01,ProduktionsReference,2025-01-01,FER,150 KV STATION FERSLEV,9.878196,56.957065,-123120.4212,10.6,3.4629,86
2021-01-01,ProduktionsReference,2025-01-01,FBG,Fredensborggård,12.401364,55.964641,-58003.43952,100,0,0
2021-01-01,ProduktionsReference,2025-01-01,FARØ,FarumGydegård,12.363353,55.819215,-129425.4572,100,0,0
2021-01-01,ProduktionsReference,2025-01-01,FAN,Fanefjord,12.180011,54.909405,-20657.77894,51.6,0,48.4
2021-01-01,ProduktionsReference,2025-01-01,EVE,Everdrup,11.95027,55.20436,-299254.5716,,,
2021-01-01,ProduktionsReference,2025-01-01,EST,150 KV STATION ESTRUPVEJ,8.460878,55.460814,-157602.477,73.5,26.5252,0
2021-01-01,ProduktionsReference,2025-01-01,ESK,132 KV STATION ESKILSTRUP,11.892958,54.848146,-19137.89724,6.5,0,93.5
2021-01-01,ProduktionsReference,2025-01-01,ENB,Engbjerg,8.20198,56.56708,788728.5173,0.1,0,99.9
2021-01-01,ProduktionsReference,2025-01-01,EJE,Ejegod,11.867673,54.788431,-10561.14198,2.2,96.7649,1
2021-01-01,ProduktionsReference,2025-01-01,EDR,150 KV STATION ENDRUP,8.704736,55.531641,2619131.917,0,0,100
2021-01-01,ProduktionsReference,2025-01-01,EBY,132 KV STATION EJBYGÅRD,12.397473,55.686571,-54953.15345,28,72.0185,0
2021-01-01,ProduktionsReference,2025-01-01,EBG,Eskebjerg,11.305055,55.702839,-4244.629726,4.5,7.8622,87.6
2021-01-01,ProduktionsReference,2025-01-01,EBB,Ebbeløkke,11.491276,55.951465,-48147.89363,91,0,9
2021-01-01,ProduktionsReference,2025-01-01,DYRØ,Dyregård,12.394964,55.732615,-143401.8691,50.4,0,49.6
2021-01-01,ProduktionsReference,2025-01-01,DYB,150 KV STATION DYBVAD,10.379848,57.287242,44499.83014,22.6,19.6601,57.7
2021-01-01,ProduktionsReference,2025-01-01,DTU,DanmarksTekniskeUniveristet,12.514186,55.786391,91261.98377,0,100,0
2021-01-01,ProduktionsReference,2025-01-01,DNF,Danfoss,9.811789,55.035336,639492.4231,0,0,100
2021-01-01,ProduktionsReference,2025-01-01,DDS,Dansteel (Det danske stål valseværk),12.018144,55.962367,-59143.58475,,,
2021-01-01,ProduktionsReference,2025-01-01,DAL,Dalmose,11.453134,55.266406,8735.481053,5.1,26.1689,68.7
2021-01-01,ProduktionsReference,2025-01-01,DAG,Dageløkkegård,12.494292,55.957353,-46226.47753,45.1,54.8657,0
2021-01-01,ProduktionsReference,2025-01-01,BUP,Balstrup,11.80874,55.435184,-94492.92979,5.1,68.2471,26.7
2021-01-01,ProduktionsReference,2025-01-01,BTØ,Bøtø,11.936455,54.678517,-23988.14908,4.1,0,95.9
2021-01-01,ProduktionsReference,2025-01-01,BRYØ,Brøndbygård,12.407886,55.631155,-68885.18419,100,0,0
2021-01-01,ProduktionsReference,2025-01-01,BOR,132 KV STATION BORUP,12.178721,55.90814,-46732.25431,31.1,40.2631,28.6
2021-01-01,ProduktionsReference,2025-01-01,BNT,Bønnet,11.292241,54.903148,13212.70819,69.3,0,30.7
2021-01-01,ProduktionsReference,2025-01-01,BLA,132 KV STATION BLANGSLEV,11.90134,55.167602,246877.146,91.4,0.1073,8.5
2021-01-01,ProduktionsReference,2025-01-01,BJS,400 KV STATION BJÆVERSKOV,12.006822,55.451812,850786.1324,0,0,100
2021-01-01,ProduktionsReference,2025-01-01,BJH,Bjørnholt,9.560741,56.20447,-65841.20398,6.1,75.5175,18.4
2021-01-01,ProduktionsReference,2025-01-01,BIRØ,Birkerødgård,12.405372,55.838903,-95209.48666,3.2,96.7747,0
2021-01-01,ProduktionsReference,2025-01-01,BIL,Bilstrup,9.004559,56.533883,-173235.8876,8.1,39.6449,52.3
2021-01-01,ProduktionsReference,2025-01-01,BELØ,Bellahøjkbst,12.519474,55.705109,-321076.4414,100,0,0
2021-01-01,ProduktionsReference,2025-01-01,BED,150 KV STATION BEDSTED,8.416021,56.811194,-148510.0423,4.3,15.2732,80.4
2021-01-01,ProduktionsReference,2025-01-01,BDR,150 KV STATION BRAMDRUP,9.460314,55.510468,-414277.5983,17.8,10.6379,71.5
2021-01-01,ProduktionsReference,2025-01-01,BDK,150 KV STATION BREDKÆR,10.026387,57.450027,-1271.398513,4.9,20.3801,74.8
2021-01-01,ProduktionsReference,2025-01-01,BBR,150 KV STATION BREDEBRO,8.837609,55.053449,53512.93806,2.4,10.7643,86.9
2021-01-01,ProduktionsReference,2025-01-01,BALØ,Ballerupgård,12.368664,55.723584,-110891.5605,3.4,96.6451,0
2021-01-01,ProduktionsReference,2025-01-01,BAG,132 KV STATION BAGSVÆRDGÅRD,12.446502,55.755795,-91527.03969,50.5,49.5076,0
2021-01-01,ProduktionsReference,2025-01-01,AVV,132 KV STATION AVEDØREVÆRKET,12.480077,55.604372,3378046.473,0,100,0
2021-01-01,ProduktionsReference,2025-01-01,AVE,Avedøregård,12.475582,55.610761,-58943.75184,5.1,0,94.9
2021-01-01,ProduktionsReference,2025-01-01,ASV,132 KV STATION ASNÆSVÆRKET,11.084279,55.660129,-11551.28675,0,100,0
2021-01-01,ProduktionsReference,2025-01-01,ÅSP,150 KV STATION ÅSTRUP,10.896146,56.421855,-146592.2517,12.1,0.7724,87.2
2021-01-01,ProduktionsReference,2025-01-01,ARC,AmagerRessourcecenter,12.61799,55.718081,123461.3391,0,100,0
2021-01-01,ProduktionsReference,2025-01-01,AND,150 KV STATION ANDST,9.246541,55.471588,-230394.4506,18.9,0,81.1
2021-01-01,ProduktionsReference,2025-01-01,AMV,132 KV STATION AMAGERVÆRKET,12.624494,55.685241,944760.5649,0.2,90.9578,8.9
2021-01-01,ProduktionsReference,2025-01-01,AMK,132 KV STATION AMAGER KBST,12.609259,55.641284,-527515.4277,79.6,20.42,0
2021-01-01,ProduktionsReference,2025-01-01,ALL,132 KV STATION ALLERØDGÅRD,12.338456,55.885227,-94856.26734,4,75.0459,21
2021-01-01,ProduktionsReference,2025-01-01,ÅGE,Ågerup,11.752093,55.655788,-30211.299,100,0,0
2021-01-01,ProduktionsReference,2025-01-01,ADL,150 KV STATION ÅDALEN,9.921201,57.024096,-366617.4583,27.2,72.8159,0
2021-01-01,ProduktionsReference,2025-01-01,ABS,150 KV STATION ABILDSKOV,10.169641,55.248865,-175781.2856,29.6,38.2066,32.2
2021-01-01,ProduktionsReference,2025-01-01,ÅBØ,150 KV STATION ÅLBORG ØST,10.032497,57.048482,-203193.5396,1.9,98.1098,0
